{
  "gni_pc": {
    "ARM": 4220.0,
    "AUS": 53280.0,
    "BGD": 2020.0,
    "BOL": 3730.0,
    "BRA": 9320.0,
    "CAN": 45060.0,
    "CHN": 9720.0,
    "COL": 6350.0,
    "CYP": 27120.0,
    "DEU": 48770.0,
    "ECU": 6120.0,
    "EGY": 2710.0,
    "ETH": 730.0,
    "NIR": 42540.0,
    "GRC": 19060.0,
    "GTM": 4270.0,
    "HKG": 50050.0,
    "IDN": 3810.0,
    "IRQ": 4820.0,
    "JOR": 4090.0,
    "KAZ": 7790.0,
    "KEN": 1720.0,
    "KGZ": 1200.0,
    "KOR": 34610.0,
    "LBN": 8700.0,
    "LBY": 11000.0,
    "MAR": 3380.0,
    "MDV": 10220.0,
    "MEX": 9560.0,
    "MMR": 1310.0,
    "MYS": 10200.0,
    "NGA": 1950.0,
    "NIC": 1990.0,
    "NZL": 41660.0,
    "PAK": 1560.0,
    "PER": 6500.0,
    "PHL": 3610.0,
    "PRI": 20380.0,
    "ROU": 11490.0,
    "RUS": 10180.0,
    "SGP": 56360.0,
    "SVK": 18460.0,
    "TJK": 1000.0,
    "TUN": 3700.0,
    "TUR": 10760.0,
    "URY": 17700.0,
    "USA": 63020.0,
    "UZB": 2340.0,
    "VNM": 3020.0,
    "ZWE": 2140.0,
    "ARG": 12390.0,
    "CHL": 14460.0,
    "CZE": 20700.0,
    "IND": 1970.0,
    "IRN": 5390.0,
    "JPN": 41800.0,
    "MAC": 72850.0,
    "MNG": 3650.0,
    "NLD": 51290.0,
    "SRB": 6700.0,
    "THA": 6430.0,
    "UKR": 2720.0,
    "VEN": 2800.0,
    "AND": 46450.0
  },
  "gini": {
    "ARM": 34.4,
    "AUS": 34.3,
    "BOL": 42.6,
    "BRA": 53.9,
    "CAN": 32.5,
    "CHN": 38.5,
    "COL": 50.4,
    "CYP": 32.7,
    "DEU": 31.9,
    "ECU": 45.4,
    "NIR": 33.7,
    "GRC": 32.9,
    "IDN": 36.3,
    "KAZ": 27.8,
    "KGZ": 27.7,
    "KOR": 33.7,
    "MEX": 46.0,
    "MYS": 41.2,
    "NGA": 35.1,
    "PAK": 29.6,
    "PER": 42.4,
    "PHL": 42.3,
    "ROU": 35.8,
    "RUS": 35.3,
    "SVK": 25.0,
    "TUR": 42.4,
    "URY": 39.7,
    "USA": 41.8,
    "VNM": 35.7,
    "EGY": 31.5,
    "MMR": 30.7,
    "ZWE": 44.3,
    "MDV": 29.3,
    "BGD": 32.4,
    "KEN": 36.2,
    "ARG": 41.7,
    "CZE": 25.0,
    "IRN": 37.4,
    "JPN": 32.9,
    "MNG": 32.7,
    "NLD": 28.1,
    "SRB": 35.0,
    "THA": 36.4,
    "UKR": 26.1,
    "CHL": 45.3
  },
  "life_exp": {
    "ARM": 75.619512195122,
    "AUS": 82.7487804878049,
    "BGD": 72.122,
    "BOL": 67.699,
    "BRA": 75.633,
    "CAN": 81.8087804878049,
    "CHN": 77.709,
    "COL": 76.579,
    "CYP": 81.556,
    "DEU": 80.8926829268293,
    "ECU": 77.248,
    "EGY": 70.974,
    "ETH": 65.257,
    "NIR": 81.2560975609756,
    "GRC": 81.7878048780488,
    "GTM": 71.496,
    "HKG": 84.869756097561,
    "IDN": 70.08,
    "IRQ": 71.116,
    "JOR": 76.491,
    "KAZ": 73.369,
    "KEN": 62.825,
    "KGZ": 71.4,
    "KOR": 82.6268292682927,
    "LBN": 78.263,
    "LBY": 73.151,
    "MAR": 73.946,
    "MDV": 79.433,
    "MEX": 74.301,
    "MMR": 66.232,
    "MYS": 75.734,
    "NGA": 52.669,
    "NIC": 73.879,
    "NZL": 81.7073170731707,
    "PAK": 66.481,
    "PER": 76.018,
    "PHL": 69.761,
    "PRI": 81.086,
    "ROU": 75.3585365853659,
    "RUS": 72.6621951219512,
    "SGP": 83.2975609756098,
    "SVK": 77.2658536585366,
    "TJK": 70.737,
    "TUN": 75.37,
    "TUR": 77.454,
    "URY": 77.527,
    "USA": 78.6390243902439,
    "UZB": 71.999,
    "VNM": 74.1,
    "ZWE": 60.906,
    "AND": 84.359,
    "ARG": 76.543,
    "CHL": 80.61,
    "CZE": 78.9780487804878,
    "IND": 70.068,
    "IRN": 76.396,
    "JPN": 84.099756097561,
    "MAC": 83.5268292682927,
    "MNG": 70.5434146341463,
    "NLD": 81.7609756097561,
    "SRB": 75.5390243902439,
    "THA": 76.989,
    "UKR": 73.993,
    "VEN": 71.903
  },
  "literacy": {
    "BGD": 73.9100036621094,
    "BRA": 93.2300033569336,
    "COL": 95.0899963378906,
    "GTM": 80.8099975585938,
    "IDN": 95.6600036621094,
    "JOR": 95.4300003051758,
    "LBN": 92.6699981689453,
    "MEX": 95.379997253418,
    "MMR": 95.823239379743,
    "MYS": 94.8499984741211,
    "PAK": 57.0099983215332,
    "PER": 94.4100036621094,
    "SGP": 97.3399963378906,
    "TUN": 79.4800033569336,
    "URY": 98.6999969482422,
    "UZB": 99.9899978637695,
    "ARM": 99.7399978637695,
    "ECU": 92.8300018310547,
    "EGY": 71.1699981689453,
    "IRQ": 85.5999984741211,
    "MDV": 94.5100021362305,
    "PRI": 92.3899993896484,
    "TUR": 96.1500015258789,
    "ETH": 55.0499992370605,
    "PHL": 96.2799987792969,
    "VNM": 95.75,
    "ZWE": 93.2300033569336,
    "NGA": 58.2200012207031,
    "BOL": 93.8499984741211,
    "CHN": 96.7399978637695,
    "IND": 74.9084268267486,
    "IRN": 87.3787031852537,
    "MNG": 98.4599990844727,
    "SRB": 99.4800033569336,
    "THA": 91.2699966430664,
    "MAC": 96.5400009155273,
    "VEN": 97.129997253418,
    "ARG": 99.1399993896484
  },
  "edu_expend": {
    "ARM": 2.11331180512289,
    "BGD": 2.09477473545666,
    "BOL": 8.01587009429932,
    "BRA": 6.08851003646851,
    "CAN": 4.8889799118042,
    "COL": 4.44910001754761,
    "DEU": 4.88400983810425,
    "ECU": 4.6250260585881,
    "ETH": 5.22011189522399,
    "NIR": 5.20437002182007,
    "GRC": 3.57627010345459,
    "GTM": 3.13193988800049,
    "HKG": 3.32624006271362,
    "IDN": 0.994436460846179,
    "JOR": 2.95461988449097,
    "KAZ": 2.61595010757446,
    "KEN": 5.10761976242065,
    "KGZ": 5.55267000198364,
    "KOR": 4.45807981491089,
    "LBN": 2.6165251225734,
    "MAR": 4.96022713486949,
    "MDV": 3.85681779847259,
    "MEX": 4.13945007324219,
    "MMR": 1.99249005317688,
    "MYS": 4.47865009307861,
    "NGA": 0.419998493796127,
    "NIC": 4.47380693256251,
    "NZL": 5.19308996200562,
    "PAK": 2.33216949688293,
    "PER": 3.71392011642456,
    "PHL": 3.85502760745456,
    "PRI": 2.60388715714737,
    "ROU": 3.31710004806519,
    "RUS": 4.67819976806641,
    "SGP": 2.85660004615784,
    "SVK": 3.93534994125366,
    "TJK": 5.38508736377556,
    "TUR": 4.29729986190796,
    "URY": 4.60361003875732,
    "USA": 4.89502000808716,
    "UZB": 4.83589298172277,
    "VNM": 3.29537010192871,
    "ZWE": 2.05048990249634,
    "CYP": 5.69961977005005,
    "TUN": 6.17373240410185,
    "AND": 3.2467200756073,
    "ARG": 4.87773990631104,
    "CHL": 5.473060131073,
    "CZE": 4.21541023254395,
    "IND": 4.36373996734619,
    "IRN": 3.61979007720947,
    "JPN": 3.07782006263733,
    "MAC": 2.7334098815918,
    "NLD": 5.26723003387451,
    "SRB": 3.43663001060486,
    "THA": 3.19769395901619,
    "UKR": 5.3199200630188,
    "MNG": 4.06897020339966
  },
  "urban_pct": {
    "ARM": 64.8502833795679,
    "AUS": 87.2267680845925,
    "BGD": 30.5175656009959,
    "BOL": 69.4133879813999,
    "BRA": 86.4420719945072,
    "CAN": 81.5500341646653,
    "CHN": 61.5001983642578,
    "COL": 77.2804816598084,
    "CYP": 66.8255530496405,
    "DEU": 81.1423036204018,
    "ECU": 63.0433276812321,
    "EGY": 42.4577177449969,
    "ETH": 20.7838096618652,
    "NIR": 82.4465657551295,
    "GRC": 78.0490656849874,
    "GTM": 53.845962303542,
    "HKG": 100.0,
    "IDN": 55.0956840515137,
    "IRQ": 69.8765148865842,
    "JOR": 91.2008859099729,
    "KAZ": 58.2388038921695,
    "KEN": 31.3940041639796,
    "KGZ": 34.9408997219466,
    "KOR": 81.3823523035196,
    "LBN": 89.272833088641,
    "LBY": 87.818484275334,
    "MAR": 61.5695822753314,
    "MDV": 39.6923354428279,
    "MEX": 78.0271223924494,
    "MMR": 29.993574050729,
    "MYS": 74.5634625145296,
    "NGA": 58.1553347527729,
    "NIC": 58.3683858659405,
    "NZL": 83.8017846685577,
    "PAK": 36.7478511550359,
    "PER": 82.6854929960921,
    "PHL": 53.2088897464754,
    "PRI": 93.8986961132283,
    "ROU": 53.1445711571868,
    "RUS": 74.5442926137992,
    "SGP": 100.0,
    "SVK": 53.4881496935559,
    "TJK": 26.2338752746582,
    "TUN": 68.5485240272509,
    "TUR": 88.1655749576173,
    "URY": 95.2942581176758,
    "USA": 80.2804567987377,
    "UZB": 50.5814971923828,
    "VNM": 33.9410227821412,
    "ZWE": 35.4085538807905,
    "AND": 88.5080998493791,
    "ARG": 91.7679941327998,
    "CHL": 87.9620493753008,
    "CZE": 72.8498744351241,
    "IND": 33.4984353473598,
    "IRN": 74.8034286499023,
    "JPN": 91.6377318609728,
    "MAC": 100.0,
    "MNG": 67.8683444833372,
    "NLD": 92.6062472401044,