{
  "W5": {
    "top_mediator": "outgroup_trust|WVS_G",
    "spectral_gap": 0.816309,
    "spectral_entropy": 3.9285,
    "spectral_radius": 1.386,
    "year": 2007,
    "fiedler_value": 0.816309,
    "n_pairs": 287,
    "wave": 5,
    "n_constructs_present": 28,
    "spectrum": [
      -0.0,
      0.816309,
      0.826315,
      0.924875,
      0.964371,
      0.9807,
      0.986264,
      0.992201,
      0.996925,
      0.999213,
      0.999608,
      0.999938,
      1.0,
      1.0,
      1.0,
      1.0,
      1.0,
      1.0,
      1.0,
      1.0,
      1.0,
      1.0,
      1.0,
      1.0,
      1.0,
      1.0,
      1.0,
      1.0,
      1.0,
      1.0,
      1.0,
      1.0,
      1.0,
      1.0,
      1.0,
      1.0,
      1.002808,
      1.006987,
      1.010504,
      1.015503,
      1.019696,
      1.024763,
      1.037948,
      1.046835,
      1.058371,
      1.075633,
      1.088083,
      1.137108,
      1.148488,
      1.204315,
      1.250195,
      1.386042
    ]
  },
  "W3": {
    "top_mediator": "gender_role_traditionalism|WVS_D",
    "spectral_gap": 0.670117,
    "spectral_entropy": 3.9253,
    "spectral_radius": 1.4956,
    "year": 1996,
    "fiedler_value": 0.670117,
    "n_pairs": 193,
    "wave": 3,
    "n_constructs_present": 23,
    "spectrum": [
      -0.0,
      0.670117,
      0.799168,
      0.829527,
      0.928252,
      0.944504,
      0.967253,
      0.982203,
      0.987645,
      1.0,
      1.0,
      1.0,
      1.0,
      1.0,
      1.0,
      1.0,
      1.0,
      1.0,
      1.0,
      1.0,
      1.0,
      1.0,
      1.0,
      1.0,
      1.0,
      1.0,
      1.0,
      1.0,
      1.0,
      1.0,
      1.0,
      1.0,
      1.0,
      1.0,
      1.0,
      1.0,
      1.0,
      1.0,
      1.005011,
      1.00965,
      1.018061,
      1.025108,
      1.041282,
      1.052712,
      1.062156,
      1.110465,
      1.120536,
      1.158038,
      1.162839,
      1.22816,
      1.401732,
      1.495578
    ]
  },
  "W4": {
    "top_mediator": "gender_role_traditionalism|WVS_D",
    "spectral_gap": 0.785526,
    "spectral_entropy": 3.9277,
    "spectral_radius": 1.4328,
    "year": 2001,
    "fiedler_value": 0.785526,
    "n_pairs": 212,
    "wave": 4,
    "n_constructs_present": 24,
    "spectrum": [
      0.0,
      0.785526,
      0.835306,
      0.914328,
      0.933385,
      0.976584,
      0.986669,
      0.993859,
      0.998945,
      1.0,
      1.0,
      1.0,
      1.0,
      1.0,
      1.0,
      1.0,
      1.0,
      1.0,
      1.0,
      1.0,
      1.0,
      1.0,
      1.0,
      1.0,
      1.0,
      1.0,
      1.0,
      1.0,
      1.0,
      1.0,
      1.0,
      1.0,
      1.0,
      1.0,
      1.0,
      1.0,
      1.0,
      1.000662,
      1.001792,
      1.007524,
      1.014813,
      1.021363,
      1.028526,
      1.051016,
      1.054976,
      1.089254,
      1.08957,
      1.121156,
      1.126846,
      1.178753,
      1.356299,
      1.432848
    ]
  },
  "W7": {
    "top_mediator": "gender_role_traditionalism|WVS_D",
    "spectral_gap": 0.725625,
    "spectral_entropy": 3.9277,
    "spectral_radius": 1.362,
    "year": 2018,
    "fiedler_value": 0.725625,
    "n_pairs": 982,
    "wave": 7,
    "n_constructs_present": 49,
    "spectrum": [
      0.0,
      0.725625,
      0.803165,
      0.861548,
      0.932394,
      0.948592,
      0.96752,
      0.9699,
      0.98352,
      0.98717,
      0.988715,
      0.99045,
      0.991909,
      0.995683,
      0.996032,
      0.996541,
      0.998579,
      0.999607,
      0.999933,
      1.0,
      1.0,
      1.0,
      1.001849,
      1.002307,
      1.003514,
      1.004838,
      1.005576,
      1.006491,
      1.007325,
      1.008195,
      1.012393,
      1.01397,
      1.015283,
      1.018166,
      1.022759,
      1.025116,
      1.028999,
      1.035777,
      1.03704,
      1.041949,
      1.044826,
      1.051121,
      1.055361,
      1.074549,
      1.087863,
      1.095023,
      1.111607,
      1.12415,
      1.134071,
      1.158444,
      1.272594,
      1.361961
    ]
  },
  "W6": {
    "top_mediator": "outgroup_trust|WVS_G",
    "spectral_gap": 0.70499,
    "spectral_entropy": 3.9269,
    "spectral_radius": 1.4058,
    "year": 2012,
    "fiedler_value": 0.70499,
    "n_pairs": 660,
    "wave": 6,
    "n_constructs_present": 41,
    "spectrum": [
      -0.0,
      0.70499,
      0.775211,
      0.882541,
      0.919219,
      0.927207,
      0.943443,
      0.973065,
      0.975884,
      0.990295,
      0.993877,
      0.997459,
      0.998447,
      0.998675,
      0.999166,
      0.999818,
      1.0,
      1.0,
      1.0,
      1.0,
      1.0,
      1.0,
      1.0,
      1.0,
      1.0,
      1.0,
      1.0,
      1.000283,
      1.00378,
      1.005267,
      1.009099,
      1.009314,
      1.010771,
      1.012766,
      1.015607,
      1.022782,
      1.026887,
      1.033652,
      1.034392,
      1.037277,
      1.041316,
      1.056631,
      1.065762,
      1.071144,
      1.076871,
      1.086431,
      1.104505,
      1.120852,
      1.16575,
      1.217528,
      1.286246,
      1.405789
    ]
  }
}